{"loss": 0.29414165019989014, "accuracy": 0.8904752135276794}