{"loss": 0.3496128022670746, "accuracy": 0.8680999875068665}