{"loss": 0.39127254486083984, "accuracy": 0.8646000027656555}