{"loss": 0.41331300139427185, "accuracy": 0.8497999906539917}