{"loss": 0.48580634593963623, "accuracy": 0.8223000168800354}