{"loss": 0.32416969537734985, "accuracy": 0.8795926570892334}