{"loss": 0.3914937973022461, "accuracy": 0.8586999773979187}