{"loss": 0.34462299942970276, "accuracy": 0.8759983777999878}