{"loss": 0.3682810366153717, "accuracy": 0.8686102032661438}