{"loss": 0.2888842523097992, "accuracy": 0.8924720287322998}