{"loss": 0.29482150077819824, "accuracy": 0.8912739753723145}