epoch,loss,accuracy
1,0.7399801015853882,0.7206500172615051
