epoch,loss,accuracy
1,0.5497410893440247,0.8064500093460083
