epoch,loss,accuracy
1,0.6248492002487183,0.7814833521842957
