epoch,loss,accuracy
1,0.537011444568634,0.8140000104904175
2,0.3690047860145569,0.871916651725769
3,0.3308257758617401,0.8827999830245972
