epoch,loss,accuracy
1,0.5277852416038513,0.809416651725769
2,0.3817746639251709,0.8629000186920166
3,0.3470360338687897,0.8718833327293396
