epoch,loss,accuracy
1,0.6457051634788513,0.7778666615486145
