epoch,loss,accuracy
1,0.6271470785140991,0.7844833135604858
