epoch,loss,accuracy
1,0.5349500179290771,0.8091333508491516
