epoch,loss,accuracy
1,0.6025700569152832,0.7891333103179932
