epoch,loss,accuracy
1,0.5525044202804565,0.809416651725769
2,0.38573580980300903,0.8647666573524475
3,0.34594690799713135,0.8777499794960022
