epoch,loss,accuracy
1,0.513520359992981,0.8165500164031982
2,0.37162482738494873,0.8657500147819519
3,0.33158084750175476,0.8801000118255615
